index,filename,mode,mirror_value,scan_start,scan_stop,grating_low,grating_high,stripe_width_px,split_x,grating_axis
0,000_constMirror_gratingHigh_00000.bmp,constant_mirror_scan_grating_contrast,32768,0,65535,0,0,2,256,x
1,001_constMirror_gratingHigh_00516.bmp,constant_mirror_scan_grating_contrast,32768,0,65535,0,516,2,256,x
2,002_constMirror_gratingHigh_01032.bmp,constant_mirror_scan_grating_contrast,32768,0,65535,0,1032,2,256,x
3,003_constMirror_gratingHigh_01548.bmp,constant_mirror_scan_grating_contrast,32768,0,65535,0,1548,2,256,x
4,004_constMirror_gratingHigh_02064.bmp,constant_mirror_scan_grating_contrast,32768,0,65535,0,2064,2,256,x
5,005_constMirror_gratingHigh_02580.bmp,constant_mirror_scan_grating_contrast,32768,0,65535,0,2580,2,256,x
6,006_constMirror_gratingHigh_03096.bmp,constant_mirror_scan_grating_contrast,32768,0,65535,0,3096,2,256,x
7,007_constMirror_gratingHigh_03612.bmp,constant_mirror_scan_grating_contrast,32768,0,65535,0,3612,2,256,x
8,008_constMirror_gratingHigh_04128.bmp,constant_mirror_scan_grating_contrast,32768,0,65535,0,4128,2,256,x
9,009_constMirror_gratingHigh_04644.bmp,constant_mirror_scan_grating_contrast,32768,0,65535,0,4644,2,256,x
10,010_constMirror_gratingHigh_05160.bmp,constant_mirror_scan_grating_contrast,32768,0,65535,0,5160,2,256,x
11,011_constMirror_gratingHigh_05676.bmp,constant_mirror_scan_grating_contrast,32768,0,65535,0,5676,2,256,x
12,012_constMirror_gratingHigh_06192.bmp,constant_mirror_scan_grating_contrast,32768,0,65535,0,6192,2,256,x
13,013_constMirror_gratingHigh_06708.bmp,constant_mirror_scan_grating_contrast,32768,0,65535,0,6708,2,256,x
14,014_constMirror_gratingHigh_07224.bmp,constant_mirror_scan_grating_contrast,32768,0,65535,0,7224,2,256,x
15,015_constMirror_gratingHigh_07740.bmp,constant_mirror_scan_grating_contrast,32768,0,65535,0,7740,2,256,x
16,016_constMirror_gratingHigh_08256.bmp,constant_mirror_scan_grating_contrast,32768,0,65535,0,8256,2,256,x
17,017_constMirror_gratingHigh_08772.bmp,constant_mirror_scan_grating_contrast,32768,0,65535,0,8772,2,256,x
18,018_constMirror_gratingHigh_09288.bmp,constant_mirror_scan_grating_contrast,32768,0,65535,0,9288,2,256,x
19,019_constMirror_gratingHigh_09804.bmp,constant_mirror_scan_grating_contrast,32768,0,65535,0,9804,2,256,x
20,020_constMirror_gratingHigh_10320.bmp,constant_mirror_scan_grating_contrast,32768,0,65535,0,10320,2,256,x
21,021_constMirror_gratingHigh_10836.bmp,constant_mirror_scan_grating_contrast,32768,0,65535,0,10836,2,256,x
22,022_constMirror_gratingHigh_11353.bmp,constant_mirror_scan_grating_contrast,32768,0,65535,0,11353,2,256,x
23,023_constMirror_gratingHigh_11869.bmp,constant_mirror_scan_grating_contrast,32768,0,65535,0,11869,2,256,x
24,024_constMirror_gratingHigh_12385.bmp,constant_mirror_scan_grating_contrast,32768,0,65535,0,12385,2,256,x
25,025_constMirror_gratingHigh_12901.bmp,constant_mirror_scan_grating_contrast,32768,0,65535,0,12901,2,256,x
26,026_constMirror_gratingHigh_13417.bmp,constant_mirror_scan_grating_contrast,32768,0,65535,0,13417,2,256,x
27,027_constMirror_gratingHigh_13933.bmp,constant_mirror_scan_grating_contrast,32768,0,65535,0,13933,2,256,x
28,028_constMirror_gratingHigh_14449.bmp,constant_mirror_scan_grating_contrast,32768,0,65535,0,14449,2,256,x
29,029_constMirror_gratingHigh_14965.bmp,constant_mirror_scan_grating_contrast,32768,0,65535,0,14965,2,256,x
30,030_constMirror_gratingHigh_15481.bmp,constant_mirror_scan_grating_contrast,32768,0,65535,0,15481,2,256,x
31,031_constMirror_gratingHigh_15997.bmp,constant_mirror_scan_grating_contrast,32768,0,65535,0,15997,2,256,x
32,032_constMirror_gratingHigh_16513.bmp,constant_mirror_scan_grating_contrast,32768,0,65535,0,16513,2,256,x
33,033_constMirror_gratingHigh_17029.bmp,constant_mirror_scan_grating_contrast,32768,0,65535,0,17029,2,256,x
34,034_constMirror_gratingHigh_17545.bmp,constant_mirror_scan_grating_contrast,32768,0,65535,0,17545,2,256,x
35,035_constMirror_gratingHigh_18061.bmp,constant_mirror_scan_grating_contrast,32768,0,65535,0,18061,2,256,x
36,036_constMirror_gratingHigh_18577.bmp,constant_mirror_scan_grating_contrast,32768,0,65535,0,18577,2,256,x
37,037_constMirror_gratingHigh_19093.bmp,constant_mirror_scan_grating_contrast,32768,0,65535,0,19093,2,256,x
38,038_constMirror_gratingHigh_19609.bmp,constant_mirror_scan_grating_contrast,32768,0,65535,0,19609,2,256,x
39,039_constMirror_gratingHigh_20125.bmp,constant_mirror_scan_grating_contrast,32768,0,65535,0,20125,2,256,x
40,040_constMirror_gratingHigh_20641.bmp,constant_mirror_scan_grating_contrast,32768,0,65535,0,20641,2,256,x
41,041_constMirror_gratingHigh_21157.bmp,constant_mirror_scan_grating_contrast,32768,0,65535,0,21157,2,256,x
42,042_constMirror_gratingHigh_21673.bmp,constant_mirror_scan_grating_contrast,32768,0,65535,0,21673,2,256,x
43,043_constMirror_gratingHigh_22189.bmp,constant_mirror_scan_grating_contrast,32768,0,65535,0,22189,2,256,x
44,044_constMirror_gratingHigh_22705.bmp,constant_mirror_scan_grating_contrast,32768,0,65535,0,22705,2,256,x
45,045_constMirror_gratingHigh_23221.bmp,constant_mirror_scan_grating_contrast,32768,0,65535,0,23221,2,256,x
46,046_constMirror_gratingHigh_23737.bmp,constant_mirror_scan_grating_contrast,32768,0,65535,0,23737,2,256,x
47,047_constMirror_gratingHigh_24253.bmp,constant_mirror_scan_grating_contrast,32768,0,65535,0,24253,2,256,x
48,048_constMirror_gratingHigh_24769.bmp,constant_mirror_scan_grating_contrast,32768,0,65535,0,24769,2,256,x
49,049_constMirror_gratingHigh_25285.bmp,constant_mirror_scan_grating_contrast,32768,0,65535,0,25285,2,256,x
50,050_constMirror_gratingHigh_25801.bmp,constant_mirror_scan_grating_contrast,32768,0,65535,0,25801,2,256,x
51,051_constMirror_gratingHigh_26317.bmp,constant_mirror_scan_grating_contrast,32768,0,65535,0,26317,2,256,x
52,052_constMirror_gratingHigh_26833.bmp,constant_mirror_scan_grating_contrast,32768,0,65535,0,26833,2,256,x
53,053_constMirror_gratingHigh_27349.bmp,constant_mirror_scan_grating_contrast,32768,0,65535,0,27349,2,256,x
54,054_constMirror_gratingHigh_27865.bmp,constant_mirror_scan_grating_contrast,32768,0,65535,0,27865,2,256,x
55,055_constMirror_gratingHigh_28381.bmp,constant_mirror_scan_grating_contrast,32768,0,65535,0,28381,2,256,x
56,056_constMirror_gratingHigh_28897.bmp,constant_mirror_scan_grating_contrast,32768,0,65535,0,28897,2,256,x
57,057_constMirror_gratingHigh_29413.bmp,constant_mirror_scan_grating_contrast,32768,0,65535,0,29413,2,256,x
58,058_constMirror_gratingHigh_29929.bmp,constant_mirror_scan_grating_contrast,32768,0,65535,0,29929,2,256,x
59,059_constMirror_gratingHigh_30445.bmp,constant_mirror_scan_grating_contrast,32768,0,65535,0,30445,2,256,x
60,060_constMirror_gratingHigh_30961.bmp,constant_mirror_scan_grating_contrast,32768,0,65535,0,30961,2,256,x
61,061_constMirror_gratingHigh_31477.bmp,constant_mirror_scan_grating_contrast,32768,0,65535,0,31477,2,256,x
62,062_constMirror_gratingHigh_31993.bmp,constant_mirror_scan_grating_contrast,32768,0,65535,0,31993,2,256,x
63,063_constMirror_gratingHigh_32509.bmp,constant_mirror_scan_grating_contrast,32768,0,65535,0,32509,2,256,x
64,064_constMirror_gratingHigh_33026.bmp,constant_mirror_scan_grating_contrast,32768,0,65535,0,33026,2,256,x
65,065_constMirror_gratingHigh_33542.bmp,constant_mirror_scan_grating_contrast,32768,0,65535,0,33542,2,256,x
66,066_constMirror_gratingHigh_34058.bmp,constant_mirror_scan_grating_contrast,32768,0,65535,0,34058,2,256,x
67,067_constMirror_gratingHigh_34574.bmp,constant_mirror_scan_grating_contrast,32768,0,65535,0,34574,2,256,x
68,068_constMirror_gratingHigh_35090.bmp,constant_mirror_scan_grating_contrast,32768,0,65535,0,35090,2,256,x
69,069_constMirror_gratingHigh_35606.bmp,constant_mirror_scan_grating_contrast,32768,0,65535,0,35606,2,256,x
70,070_constMirror_gratingHigh_36122.bmp,constant_mirror_scan_grating_contrast,32768,0,65535,0,36122,2,256,x
71,071_constMirror_gratingHigh_36638.bmp,constant_mirror_scan_grating_contrast,32768,0,65535,0,36638,2,256,x
72,072_constMirror_gratingHigh_37154.bmp,constant_mirror_scan_grating_contrast,32768,0,65535,0,37154,2,256,x
73,073_constMirror_gratingHigh_37670.bmp,constant_mirror_scan_grating_contrast,32768,0,65535,0,37670,2,256,x
74,074_constMirror_gratingHigh_38186.bmp,constant_mirror_scan_grating_contrast,32768,0,65535,0,38186,2,256,x
75,075_constMirror_gratingHigh_38702.bmp,constant_mirror_scan_grating_contrast,32768,0,65535,0,38702,2,256,x
76,076_constMirror_gratingHigh_39218.bmp,constant_mirror_scan_grating_contrast,32768,0,65535,0,39218,2,256,x
77,077_constMirror_gratingHigh_39734.bmp,constant_mirror_scan_grating_contrast,32768,0,65535,0,39734,2,256,x
78,078_constMirror_gratingHigh_40250.bmp,constant_mirror_scan_grating_contrast,32768,0,65535,0,40250,2,256,x
79,079_constMirror_gratingHigh_40766.bmp,constant_mirror_scan_grating_contrast,32768,0,65535,0,40766,2,256,x
80,080_constMirror_gratingHigh_41282.bmp,constant_mirror_scan_grating_contrast,32768,0,65535,0,41282,2,256,x
81,081_constMirror_gratingHigh_41798.bmp,constant_mirror_scan_grating_contrast,32768,0,65535,0,41798,2,256,x
82,082_constMirror_gratingHigh_42314.bmp,constant_mirror_scan_grating_contrast,32768,0,65535,0,42314,2,256,x
83,083_constMirror_gratingHigh_42830.bmp,constant_mirror_scan_grating_contrast,32768,0,65535,0,42830,2,256,x
84,084_constMirror_gratingHigh_43346.bmp,constant_mirror_scan_grating_contrast,32768,0,65535,0,43346,2,256,x
85,085_constMirror_gratingHigh_43862.bmp,constant_mirror_scan_grating_contrast,32768,0,65535,0,43862,2,256,x
86,086_constMirror_gratingHigh_44378.bmp,constant_mirror_scan_grating_contrast,32768,0,65535,0,44378,2,256,x
87,087_constMirror_gratingHigh_44894.bmp,constant_mirror_scan_grating_contrast,32768,0,65535,0,44894,2,256,x
88,088_constMirror_gratingHigh_45410.bmp,constant_mirror_scan_grating_contrast,32768,0,65535,0,45410,2,256,x
89,089_constMirror_gratingHigh_45926.bmp,constant_mirror_scan_grating_contrast,32768,0,65535,0,45926,2,256,x
90,090_constMirror_gratingHigh_46442.bmp,constant_mirror_scan_grating_contrast,32768,0,65535,0,46442,2,256,x
91,091_constMirror_gratingHigh_46958.bmp,constant_mirror_scan_grating_contrast,32768,0,65535,0,46958,2,256,x
92,092_constMirror_gratingHigh_47474.bmp,constant_mirror_scan_grating_contrast,32768,0,65535,0,47474,2,256,x
93,093_constMirror_gratingHigh_47990.bmp,constant_mirror_scan_grating_contrast,32768,0,65535,0,47990,2,256,x
94,094_constMirror_gratingHigh_48506.bmp,constant_mirror_scan_grating_contrast,32768,0,65535,0,48506,2,256,x
95,095_constMirror_gratingHigh_49022.bmp,constant_mirror_scan_grating_contrast,32768,0,65535,0,49022,2,256,x
96,096_constMirror_gratingHigh_49538.bmp,constant_mirror_scan_grating_contrast,32768,0,65535,0,49538,2,256,x
97,097_constMirror_gratingHigh_50054.bmp,constant_mirror_scan_grating_contrast,32768,0,65535,0,50054,2,256,x
98,098_constMirror_gratingHigh_50570.bmp,constant_mirror_scan_grating_contrast,32768,0,65535,0,50570,2,256,x
99,099_constMirror_gratingHigh_51086.bmp,constant_mirror_scan_grating_contrast,32768,0,65535,0,51086,2,256,x
100,100_constMirror_gratingHigh_51602.bmp,constant_mirror_scan_grating_contrast,32768,0,65535,0,51602,2,256,x
101,101_constMirror_gratingHigh_52118.bmp,constant_mirror_scan_grating_contrast,32768,0,65535,0,52118,2,256,x
102,102_constMirror_gratingHigh_52634.bmp,constant_mirror_scan_grating_contrast,32768,0,65535,0,52634,2,256,x
103,103_constMirror_gratingHigh_53150.bmp,constant_mirror_scan_grating_contrast,32768,0,65535,0,53150,2,256,x
104,104_constMirror_gratingHigh_53666.bmp,constant_mirror_scan_grating_contrast,32768,0,65535,0,53666,2,256,x
105,105_constMirror_gratingHigh_54182.bmp,constant_mirror_scan_grating_contrast,32768,0,65535,0,54182,2,256,x
106,106_constMirror_gratingHigh_54699.bmp,constant_mirror_scan_grating_contrast,32768,0,65535,0,54699,2,256,x
107,107_constMirror_gratingHigh_55215.bmp,constant_mirror_scan_grating_contrast,32768,0,65535,0,55215,2,256,x
108,108_constMirror_gratingHigh_55731.bmp,constant_mirror_scan_grating_contrast,32768,0,65535,0,55731,2,256,x
109,109_constMirror_gratingHigh_56247.bmp,constant_mirror_scan_grating_contrast,32768,0,65535,0,56247,2,256,x
110,110_constMirror_gratingHigh_56763.bmp,constant_mirror_scan_grating_contrast,32768,0,65535,0,56763,2,256,x
111,111_constMirror_gratingHigh_57279.bmp,constant_mirror_scan_grating_contrast,32768,0,65535,0,57279,2,256,x
112,112_constMirror_gratingHigh_57795.bmp,constant_mirror_scan_grating_contrast,32768,0,65535,0,57795,2,256,x
113,113_constMirror_gratingHigh_58311.bmp,constant_mirror_scan_grating_contrast,32768,0,65535,0,58311,2,256,x
114,114_constMirror_gratingHigh_58827.bmp,constant_mirror_scan_grating_contrast,32768,0,65535,0,58827,2,256,x
115,115_constMirror_gratingHigh_59343.bmp,constant_mirror_scan_grating_contrast,32768,0,65535,0,59343,2,256,x
116,116_constMirror_gratingHigh_59859.bmp,constant_mirror_scan_grating_contrast,32768,0,65535,0,59859,2,256,x
117,117_constMirror_gratingHigh_60375.bmp,constant_mirror_scan_grating_contrast,32768,0,65535,0,60375,2,256,x
118,118_constMirror_gratingHigh_60891.bmp,constant_mirror_scan_grating_contrast,32768,0,65535,0,60891,2,256,x
119,119_constMirror_gratingHigh_61407.bmp,constant_mirror_scan_grating_contrast,32768,0,65535,0,61407,2,256,x
120,120_constMirror_gratingHigh_61923.bmp,constant_mirror_scan_grating_contrast,32768,0,65535,0,61923,2,256,x
121,121_constMirror_gratingHigh_62439.bmp,constant_mirror_scan_grating_contrast,32768,0,65535,0,62439,2,256,x
122,122_constMirror_gratingHigh_62955.bmp,constant_mirror_scan_grating_contrast,32768,0,65535,0,62955,2,256,x
123,123_constMirror_gratingHigh_63471.bmp,constant_mirror_scan_grating_contrast,32768,0,65535,0,63471,2,256,x
124,124_constMirror_gratingHigh_63987.bmp,constant_mirror_scan_grating_contrast,32768,0,65535,0,63987,2,256,x
125,125_constMirror_gratingHigh_64503.bmp,constant_mirror_scan_grating_contrast,32768,0,65535,0,64503,2,256,x
126,126_constMirror_gratingHigh_65019.bmp,constant_mirror_scan_grating_contrast,32768,0,65535,0,65019,2,256,x
127,127_constMirror_gratingHigh_65535.bmp,constant_mirror_scan_grating_contrast,32768,0,65535,0,65535,2,256,x
